{
  "r2": -3.8230855817503633,
  "rmse": 7247.131604192908,
  "mae": 7099.924999999999,
  "n_train": 10,
  "n_test": 3
}